Attribute_Name,Mandatory,Num_Domain_ID,Use_Domain_Constraint,Domain_Name,Logical_Type_Name,Entity_Name,PK_Flag,FK_Flag,Sequence,T_Size,T_Precision,T_Scale,Data_Source
ABBR_BU,Y,343,N,ORG_BU_ABBR,VARCHAR,HR_FO_BUSINESS_UNIT,,,3,20,,,
ABBR_COMPANY,Y,346,N,ORG_CMPY_ABBR,VARCHAR,HR_FO_COMPANY,,,2,20,,,
ABBR_DEPT,Y,352,N,ORG_DPT_ABBR,VARCHAR,HR_FO_DEPARTMENT,,,4,20,,,
ABBR_DIV,Y,349,Y,ORG_DIV_ABBR,VARCHAR,HR_FO_DIVISION,,,4,20,,,
active,Y,282,Y,KEY_ACTIVE,VARCHAR,CITD_DATE,,,20,1,,,
active,N,282,Y,KEY_ACTIVE,VARCHAR,HR_EMP_EVENT,,,9,1,,,
active,N,282,Y,KEY_ACTIVE,VARCHAR,HR_EMP_JOB,,,25,1,,,
active,N,282,Y,KEY_ACTIVE,VARCHAR,HR_EMP_ADDR_WORK,,,9,1,,,
active,N,282,Y,KEY_ACTIVE,VARCHAR,HR_EMP_BANK_ACC_TRANSIT,,,8,1,,,
active,N,282,Y,KEY_ACTIVE,VARCHAR,HR_FO_COMPANY,,,11,1,,,
active,N,282,Y,KEY_ACTIVE,VARCHAR,HR_EMP,,,21,1,,,
active,N,282,Y,KEY_ACTIVE,VARCHAR,HR_EMP_BANK_INFO_HISTORY,,,8,1,,,
active,N,282,Y,KEY_ACTIVE,VARCHAR,HR_HOLIDAYS,,,7,1,,,
active,N,282,Y,KEY_ACTIVE,VARCHAR,HR_EMP_MGR,,,9,1,,,
active,N,282,Y,KEY_ACTIVE,VARCHAR,HR_EMP_EVENT_REASON,,,11,1,,,
active,N,282,Y,KEY_ACTIVE,VARCHAR,HR_EMP_ADDR_PERSONAL_HISTORY,,,9,1,,,
active,N,282,Y,KEY_ACTIVE,VARCHAR,HR_FO_BUSINESS_UNIT,,,11,1,,,
active,N,282,Y,KEY_ACTIVE,VARCHAR,HR_EMP_PERSONAL,,,18,1,,,
active,N,282,Y,KEY_ACTIVE,VARCHAR,HR_EMP_GENDER,,,9,1,,,
active,N,282,Y,KEY_ACTIVE,VARCHAR,HR_EMP_time,,,8,1,,,
active,N,282,Y,KEY_ACTIVE,VARCHAR,HR_EMP_CLASS,,,9,1,,,
active,N,282,Y,KEY_ACTIVE,VARCHAR,HR_Holiday_Calendar,,,7,1,,,
active,N,282,Y,KEY_ACTIVE,VARCHAR,HR_FO_COST_CENTER,,,9,1,,,
active,N,282,Y,KEY_ACTIVE,VARCHAR,HR_EMP_BANK_INFO,,,10,1,,,
active,N,282,Y,KEY_ACTIVE,VARCHAR,HR_EMP_STATUS,,,9,1,,,
active,N,282,Y,KEY_ACTIVE,VARCHAR,HR_FO_DEPARTMENT,,,12,1,,,
active,N,282,Y,KEY_ACTIVE,VARCHAR,HR_EMP_POSITION,,,18,1,,,
active,N,282,Y,KEY_ACTIVE,VARCHAR,HR_FO_DIVISION,,,12,1,,,
active,N,282,Y,KEY_ACTIVE,VARCHAR,HR_FO_COUNTRY,,,13,1,,,
active,N,282,Y,KEY_ACTIVE,VARCHAR,HR_Holiday_Assignment,,,7,1,,,
active,N,282,Y,KEY_ACTIVE,VARCHAR,HR_EMP_TYPE,,,9,1,,,
active,N,282,Y,KEY_ACTIVE,VARCHAR,HR_EMP_Job_Code,,,18,1,,,
active,N,282,Y,KEY_ACTIVE,VARCHAR,HR_EMP_EMPLOYMENT,,,21,1,,,
active,N,282,Y,KEY_ACTIVE,VARCHAR,HR_EMP_ADDR_PERSONAL,,,9,1,,,
active,N,282,Y,KEY_ACTIVE,VARCHAR,HR_EMP_PERSONAL_HISTORY,,,17,1,,,
ACTIVE,Y,282,Y,KEY_ACTIVE,VARCHAR,HR_FCT_HEADCOUNT,,,16,1,,,
ACTIVE,Y,282,Y,KEY_ACTIVE,VARCHAR,HR_FCT_PROMO,,,12,1,,,
ACTIVE,Y,282,Y,KEY_ACTIVE,VARCHAR,HR_FCT_IN_OUT,,,6,1,,,
Address,N,691,Y,Unknown,unknown,Geo_Reference_Data,,,4,,,,
Assignment,N,691,Y,Unknown,unknown,Kinaxis_Organization,,,1,,,,
BANK_NAME,N,329,Y,NAME_120,VARCHAR,HR_EMP_BANK_INFO,,,2,120,,,
BANK_NAME_ABBR,N,330,Y,NAME_30,VARCHAR,HR_EMP_BANK_INFO,,,3,30,,,
BONUS_PLAN_TYPE,N,688,N,TYPE_BONUS_PLAN,VARCHAR,HR_EMP_Job_Code,,,7,20,,,
brand,N,691,Y,Unknown,unknown,instrument,,,2,,,,
BU_CD,N,344,Y,ORG_BU_ID,VARCHAR,HR_EMP_JOB,,F,4,10,,,
BU_CD,N,344,Y,ORG_BU_ID,VARCHAR,HR_FCT_HEADCOUNT,,F,4,10,,,
BU_CD,Y,344,Y,ORG_BU_ID,VARCHAR,HR_FO_BUSINESS_UNIT,P,,2,10,,,
BU_CD,Y,344,Y,ORG_BU_ID,VARCHAR,HR_FO_DEPARTMENT,P,F,2,10,,,
BU_CD,Y,344,Y,ORG_BU_ID,VARCHAR,HR_FO_DIVISION,P,F,1,10,,,
BU_CD1,N,344,Y,ORG_BU_ID,VARCHAR,HR_EMP_JOB,,F,5,10,,,
BU_CMPY_CD,N,347,Y,ORG_CMPY_ID,VARCHAR,HR_FCT_HEADCOUNT,,F,3,10,,,
cal type,Y,324,Y,KEY_TYPE_CAL,VARCHAR,CITD_DATE,,,2,5,,,
city,N,691,Y,Unknown,unknown,rehearsal_location,,,1,,,,
City,N,691,Y,Unknown,unknown,Geo_Reference_Data,,,3,,,,
CMPY_CD,N,347,Y,ORG_CMPY_ID,VARCHAR,HR_EMP_JOB,,F,3,10,,,
CMPY_CD,Y,347,Y,ORG_CMPY_ID,VARCHAR,HR_FO_COMPANY,P,,1,10,,,
CMPY_CD,N,347,Y,ORG_CMPY_ID,VARCHAR,HR_FCT_HEADCOUNT,,F,2,10,,,
CMPY_CD,Y,347,Y,ORG_CMPY_ID,VARCHAR,HR_FO_BUSINESS_UNIT,P,F,1,10,,,
CMPY_CD,N,347,Y,ORG_CMPY_ID,VARCHAR,HR_FO_DEPARTMENT,,F,1,10,,,
communication,N,33,Y,COMM_EMAIL,VARCHAR,Pupil,,,3,50,,,
COST_CENTER,Y,354,Y,ORG_DPT_ID,VARCHAR,HR_FO_COST_CENTER,P,,1,10,,,
COST_CENTER_NAME,N,353,Y,ORG_DPT_CC,VARCHAR,HR_FO_COST_CENTER,,,2,20,,,
Country,N,691,Y,Unknown,unknown,Geo_Reference_Data,,,1,,,,
COUNTRY_ISO3166_2_CHAR2,N,2,N,ADDR_COUNTRY_ISO_3166_2,VARCHAR,HR_FO_COUNTRY,,,2,2,,,
COUNTRY_ISO3166_2_CHAR3,Y,3,N,ADDR_COUNTRY_ISO_3166_3,VARCHAR,HR_EMP_ADDR_WORK,P,F,2,3,,,
COUNTRY_ISO3166_2_CHAR3,N,3,N,ADDR_COUNTRY_ISO_3166_3,VARCHAR,HR_FO_COMPANY,,F,4,3,,,
COUNTRY_ISO3166_2_CHAR3,N,3,Y,ADDR_COUNTRY_ISO_3166_3,VARCHAR,HR_FCT_HEADCOUNT,,F,1,3,,,
COUNTRY_ISO3166_2_CHAR3,Y,3,N,ADDR_COUNTRY_ISO_3166_3,VARCHAR,HR_EMP_ADDR_PERSONAL_HISTORY,P,F,2,3,,,
COUNTRY_ISO3166_2_CHAR3,N,3,N,ADDR_COUNTRY_ISO_3166_3,VARCHAR,HR_EMP_PERSONAL,,F,2,3,,,
COUNTRY_ISO3166_2_CHAR3,N,3,N,ADDR_COUNTRY_ISO_3166_3,VARCHAR,HR_EMP_ADDR_WORK_HISTORY,,F,2,3,,,
COUNTRY_ISO3166_2_CHAR3,Y,3,N,ADDR_COUNTRY_ISO_3166_3,VARCHAR,HR_FO_COUNTRY,P,,1,3,,,
COUNTRY_ISO3166_2_CHAR3,Y,3,N,ADDR_COUNTRY_ISO_3166_3,VARCHAR,HR_EMP_ADDR_PERSONAL,P,F,2,3,,,
COUNTRY_ISO3166_2_NUM,N,4,N,ADDR_COUNTRY_ISO_3166_NUMERIC,Integer,HR_FO_COUNTRY,,,3,3,,,
COUNTRY_ISO4217_CURRENCY,N,44,N,CURRENCY_ISO_4217,VARCHAR,HR_FO_COUNTRY,,,5,3,,,
COUNTRY_NAME,N,5,N,ADDR_COUNTRY_NAME,VARCHAR,HR_FO_COUNTRY,,,4,80,,,
date,Y,297,Y,KEY_DATE_YYYYMMDD,Date,CITD_DATE,P,,1,8,,,
DATE_ENDED,Y,297,Y,KEY_DATE_YYYYMMDD,Date,HR_FCT_HEADCOUNT,P,F,18,8,,,
DATE_ENDED,Y,297,Y,KEY_DATE_YYYYMMDD,Date,HR_FCT_PROMO,P,F,13,8,,,
DATE_ENDED,Y,297,Y,KEY_DATE_YYYYMMDD,Date,HR_FCT_IN_OUT,P,F,8,8,,,
date_num,Y,291,Y,KEY_DATE_NUM,Integer,CITD_DATE,,,3,3,,,
DATE_STARTED,Y,297,Y,KEY_DATE_YYYYMMDD,Date,HR_FCT_HEADCOUNT,P,F,17,8,,,
DATE_STARTED,Y,297,Y,KEY_DATE_YYYYMMDD,Date,HR_FCT_PROMO,P,F,11,8,,,
DATE_STARTED,Y,297,Y,KEY_DATE_YYYYMMDD,Date,HR_FCT_IN_OUT,P,F,7,8,,,
date day month,Y,286,Y,KEY_DATE_DAY,VARCHAR,CITD_DATE,,,19,2,,,
date day month year,Y,286,Y,KEY_DATE_DAY,VARCHAR,CITD_DATE,,,18,2,,,
date dow,Y,287,Y,KEY_DATE_DOW,Integer,CITD_DATE,,,16,1,,,
date dow name,Y,287,Y,KEY_DATE_DOW,Integer,CITD_DATE,,,17,1,,,
date mm,Y,290,Y,KEY_DATE_MONTH,Integer,CITD_DATE,,,10,2,,,
date mm_ name,Y,290,Y,KEY_DATE_MONTH,Integer,CITD_DATE,,,11,2,,,
date mm_ name abbr,Y,290,Y,KEY_DATE_MONTH,Integer,CITD_DATE,,,12,2,,,
date mm begin,Y,287,N,KEY_DATE_DOW,Integer,CITD_DATE,,,13,1,,,
date mm end,Y,287,N,KEY_DATE_DOW,Integer,CITD_DATE,,,14,1,,,
date qq,Y,292,Y,KEY_DATE_QUARTER,VARCHAR,CITD_DATE,,,7,2,,,
date qq begin,Y,691,N,,Date,CITD_DATE,,,8,,,,
date qq end,Y,691,N,,Date,CITD_DATE,,,9,,,,
Dates,N,691,Y,Unknown,unknown,Employment,,,1,,,,
date ww,Y,295,Y,KEY_DATE_WEEK,Integer,CITD_DATE,,,15,2,,,
date yyyy,Y,296,Y,KEY_DATE_YYYY,Integer,CITD_DATE,,,4,4,,,
date yyyy begin dow,Y,287,Y,KEY_DATE_DOW,Integer,CITD_DATE,,,5,1,,,
date yyyy end dow,Y,287,Y,KEY_DATE_DOW,Integer,CITD_DATE,,,6,1,,,
DEPT_BU_CD,N,344,Y,ORG_BU_ID,VARCHAR,HR_FCT_HEADCOUNT,,F,5,10,,,
DEPT_CD,N,354,Y,ORG_DPT_ID,VARCHAR,HR_EMP_JOB,,F,6,10,,,
DEPT_CD,N,354,Y,ORG_DPT_ID,VARCHAR,HR_FCT_HEADCOUNT,,F,6,10,,,
DEPT_CD,Y,354,Y,ORG_DPT_ID,VARCHAR,HR_FO_DEPARTMENT,P,,3,10,,,
DEPT_CD,N,354,Y,ORG_DPT_ID,VARCHAR,HR_FO_DIVISION,,F,2,10,,,
DIV_CD,Y,350,Y,ORG_DIV_ID,VARCHAR,HR_FO_DIVISION,P,,3,10,,,
dt_cre_at,N,298,Y,KEY_DATE_YYYYMMDDHHMM,Timestamp,HR_EMP_EVENT,,,3,18,,,
dt_cre_at,N,298,Y,KEY_DATE_YYYYMMDDHHMM,Timestamp,HR_EMP_JOB,,,19,18,,,
dt_cre_at,N,298,Y,KEY_DATE_YYYYMMDDHHMM,Timestamp,HR_EMP_ADDR_WORK,,,3,18,,,
dt_cre_at,N,298,Y,KEY_DATE_YYYYMMDDHHMM,Timestamp,HR_EMP_BANK_ACC_TRANSIT,,,2,18,,,
dt_cre_at,N,298,Y,KEY_DATE_YYYYMMDDHHMM,Timestamp,HR_FO_COMPANY,,,5,18,,,
dt_cre_at,N,298,Y,KEY_DATE_YYYYMMDDHHMM,Timestamp,HR_EMP,,,15,18,,,
dt_cre_at,N,298,Y,KEY_DATE_YYYYMMDDHHMM,Timestamp,HR_EMP_BANK_INFO_HISTORY,,,2,18,,,
dt_cre_at,N,298,Y,KEY_DATE_YYYYMMDDHHMM,Timestamp,HR_Holidays,,,1,18,,,
dt_cre_at,N,298,Y,KEY_DATE_YYYYMMDDHHMM,Timestamp,HR_EMP_MGR,,,3,18,,,
dt_cre_at,N,298,Y,KEY_DATE_YYYYMMDDHHMM,Timestamp,HR_EMP_EVENT_REASON,,,5,18,,,
dt_cre_at,N,298,Y,KEY_DATE_YYYYMMDDHHMM,Timestamp,HR_EMP_ADDR_PERSONAL_HISTORY,,,3,18,,,
dt_cre_at,N,298,Y,KEY_DATE_YYYYMMDDHHMM,Timestamp,HR_FO_BUSINESS_UNIT,,,5,18,,,
dt_cre_at,N,298,Y,KEY_DATE_YYYYMMDDHHMM,Timestamp,HR_EMP_PERSONAL,,,12,18,,,
dt_cre_at,N,298,Y,KEY_DATE_YYYYMMDDHHMM,Timestamp,HR_EMP_GENDER,,,3,18,,,
dt_cre_at,N,298,Y,KEY_DATE_YYYYMMDDHHMM,Timestamp,HR_EMP_time,,,2,18,,,
dt_cre_at,N,298,Y,KEY_DATE_YYYYMMDDHHMM,Timestamp,HR_EMP_CLASS,,,3,18,,,
dt_cre_at,N,298,Y,KEY_DATE_YYYYMMDDHHMM,Timestamp,HR_Holiday_Calendar,,,1,18,,,
dt_cre_at,N,298,Y,KEY_DATE_YYYYMMDDHHMM,Timestamp,HR_FO_COST_CENTER,,,3,18,,,
dt_cre_at,N,298,Y,KEY_DATE_YYYYMMDDHHMM,Timestamp,HR_EMP_BANK_INFO,,,4,18,,,
dt_cre_at,N,298,Y,KEY_DATE_YYYYMMDDHHMM,Timestamp,HR_EMP_STATUS,,,3,18,,,
dt_cre_at,N,298,Y,KEY_DATE_YYYYMMDDHHMM,Timestamp,HR_FO_DEPARTMENT,,,6,18,,,
dt_cre_at,N,298,Y,KEY_DATE_YYYYMMDDHHMM,Timestamp,HR_EMP_POSITION,,,12,18,,,
dt_cre_at,N,298,Y,KEY_DATE_YYYYMMDDHHMM,Timestamp,HR_FO_DIVISION,,,6,18,,,
dt_cre_at,N,298,Y,KEY_DATE_YYYYMMDDHHMM,Timestamp,HR_FO_COUNTRY,,,7,18,,,
dt_cre_at,N,298,Y,KEY_DATE_YYYYMMDDHHMM,Timestamp,HR_Holiday_Assignment,,,1,18,,,
dt_cre_at,N,298,Y,KEY_DATE_YYYYMMDDHHMM,Timestamp,HR_EMP_TYPE,,,3,18,,,
dt_cre_at,N,298,Y,KEY_DATE_YYYYMMDDHHMM,Timestamp,HR_EMP_Job_Code,,,12,18,,,
dt_cre_at,N,298,Y,KEY_DATE_YYYYMMDDHHMM,Timestamp,HR_EMP_EMPLOYMENT,,,15,18,,,
dt_cre_at,N,298,Y,KEY_DATE_YYYYMMDDHHMM,Timestamp,HR_EMP_ADDR_PERSONAL,,,3,18,,,
dt_cre_at,N,298,Y,KEY_DATE_YYYYMMDDHHMM,Timestamp,HR_EMP_PERSONAL_HISTORY,,,11,18,,,
dt_cre_by,N,284,Y,KEY_CREATED_BY,VARCHAR,HR_EMP_EVENT,,,4,20,,,
dt_cre_by,N,284,Y,KEY_CREATED_BY,VARCHAR,HR_EMP_JOB,,,20,20,,,
dt_cre_by,N,284,Y,KEY_CREATED_BY,VARCHAR,HR_EMP_ADDR_WORK,,,4,20,,,
dt_cre_by,N,284,Y,KEY_CREATED_BY,VARCHAR,HR_EMP_BANK_ACC_TRANSIT,,,3,20,,,
dt_cre_by,N,284,Y,KEY_CREATED_BY,VARCHAR,HR_FO_COMPANY,,,6,20,,,
dt_cre_by,N,284,Y,KEY_CREATED_BY,VARCHAR,HR_EMP,,,16,20,,,
dt_cre_by,N,284,Y,KEY_CREATED_BY,VARCHAR,HR_EMP_BANK_INFO_HISTORY,,,3,20,,,
dt_cre_by,N,284,Y,KEY_CREATED_BY,VARCHAR,HR_Holidays,,,2,20,,,
dt_cre_by,N,284,Y,KEY_CREATED_BY,VARCHAR,HR_EMP_MGR,,,4,20,,,
dt_cre_by,N,284,Y,KEY_CREATED_BY,VARCHAR,HR_EMP_EVENT_REASON,,,6,20,,,
dt_cre_by,N,284,Y,KEY_CREATED_BY,VARCHAR,HR_EMP_ADDR_PERSONAL_HISTORY,,,4,20,,,
dt_cre_by,N,284,Y,KEY_CREATED_BY,VARCHAR,HR_FO_BUSINESS_UNIT,,,6,20,,,
dt_cre_by,N,284,Y,KEY_CREATED_BY,VARCHAR,HR_EMP_PERSONAL,,,13,20,,,
dt_cre_by,N,284,Y,KEY_CREATED_BY,VARCHAR,HR_EMP_GENDER,,,4,20,,,
dt_cre_by,N,284,Y,KEY_CREATED_BY,VARCHAR,HR_EMP_time,,,3,20,,,
dt_cre_by,N,284,Y,KEY_CREATED_BY,VARCHAR,HR_EMP_CLASS,,,4,20,,,
dt_cre_by,N,284,Y,KEY_CREATED_BY,VARCHAR,HR_Holiday_Calendar,,,2,20,,,
dt_cre_by,N,284,Y,KEY_CREATED_BY,VARCHAR,HR_FO_COST_CENTER,,,4,20,,,
dt_cre_by,N,284,Y,KEY_CREATED_BY,VARCHAR,HR_EMP_BANK_INFO,,,5,20,,,
dt_cre_by,N,284,Y,KEY_CREATED_BY,VARCHAR,HR_EMP_STATUS,,,4,20,,,
dt_cre_by,N,284,Y,KEY_CREATED_BY,VARCHAR,HR_FO_DEPARTMENT,,,7,20,,,
dt_cre_by,N,284,Y,KEY_CREATED_BY,VARCHAR,HR_EMP_POSITION,,,13,20,,,
dt_cre_by,N,284,Y,KEY_CREATED_BY,VARCHAR,HR_FO_DIVISION,,,7,20,,,
dt_cre_by,N,284,Y,KEY_CREATED_BY,VARCHAR,HR_FO_COUNTRY,,,8,20,,,
dt_cre_by,N,284,Y,KEY_CREATED_BY,VARCHAR,HR_Holiday_Assignment,,,2,20,,,
dt_cre_by,N,284,Y,KEY_CREATED_BY,VARCHAR,HR_EMP_TYPE,,,4,20,,,
dt_cre_by,N,284,Y,KEY_CREATED_BY,VARCHAR,HR_EMP_Job_Code,,,13,20,,,
dt_cre_by,N,284,Y,KEY_CREATED_BY,VARCHAR,HR_EMP_EMPLOYMENT,,,16,20,,,
dt_cre_by,N,284,Y,KEY_CREATED_BY,VARCHAR,HR_EMP_ADDR_PERSONAL,,,4,20,,,
dt_cre_by,N,284,Y,KEY_CREATED_BY,VARCHAR,HR_EMP_PERSONAL_HISTORY,,,12,20,,,
dt_hired,N,297,Y,KEY_DATE_YYYYMMDD,Date,HR_EMP,,,13,8,,,
dt_started,N,297,Y,KEY_DATE_YYYYMMDD,Date,HR_EMP,,,14,8,,,
dt_upd_at,N,298,Y,KEY_DATE_YYYYMMDDHHMM,Timestamp,HR_EMP_EVENT,,,5,18,,,
dt_upd_at,N,298,Y,KEY_DATE_YYYYMMDDHHMM,Timestamp,HR_EMP_JOB,,,21,18,,,
dt_upd_at,N,298,Y,KEY_DATE_YYYYMMDDHHMM,Timestamp,HR_EMP_ADDR_WORK,,,5,18,,,
dt_upd_at,N,298,Y,KEY_DATE_YYYYMMDDHHMM,Timestamp,HR_EMP_BANK_ACC_TRANSIT,,,4,18,,,
dt_upd_at,N,298,Y,KEY_DATE_YYYYMMDDHHMM,Timestamp,HR_FO_COMPANY,,,7,18,,,
dt_upd_at,N,298,Y,KEY_DATE_YYYYMMDDHHMM,Timestamp,HR_EMP,,,17,18,,,
dt_upd_at,N,298,Y,KEY_DATE_YYYYMMDDHHMM,Timestamp,HR_EMP_BANK_INFO_HISTORY,,,4,18,,,
dt_upd_at,N,298,Y,KEY_DATE_YYYYMMDDHHMM,Timestamp,HR_Holidays,,,3,18,,,
dt_upd_at,N,298,Y,KEY_DATE_YYYYMMDDHHMM,Timestamp,HR_EMP_MGR,,,5,18,,,
dt_upd_at,N,298,Y,KEY_DATE_YYYYMMDDHHMM,Timestamp,HR_EMP_EVENT_REASON,,,7,18,,,
dt_upd_at,N,298,Y,KEY_DATE_YYYYMMDDHHMM,Timestamp,HR_EMP_ADDR_PERSONAL_HISTORY,,,5,18,,,
dt_upd_at,N,298,Y,KEY_DATE_YYYYMMDDHHMM,Timestamp,HR_FO_BUSINESS_UNIT,,,7,18,,,
dt_upd_at,N,298,Y,KEY_DATE_YYYYMMDDHHMM,Timestamp,HR_EMP_PERSONAL,,,14,18,,,
dt_upd_at,N,298,Y,KEY_DATE_YYYYMMDDHHMM,Timestamp,HR_EMP_GENDER,,,5,18,,,
dt_upd_at,N,298,Y,KEY_DATE_YYYYMMDDHHMM,Timestamp,HR_EMP_time,,,4,18,,,
dt_upd_at,N,298,Y,KEY_DATE_YYYYMMDDHHMM,Timestamp,HR_EMP_CLASS,,,5,18,,,
dt_upd_at,N,298,Y,KEY_DATE_YYYYMMDDHHMM,Timestamp,HR_Holiday_Calendar,,,3,18,,,
dt_upd_at,N,298,Y,KEY_DATE_YYYYMMDDHHMM,Timestamp,HR_FO_COST_CENTER,,,5,18,,,
dt_upd_at,N,298,Y,KEY_DATE_YYYYMMDDHHMM,Timestamp,HR_EMP_BANK_INFO,,,6,18,,,
dt_upd_at,N,298,Y,KEY_DATE_YYYYMMDDHHMM,Timestamp,HR_EMP_STATUS,,,5,18,,,
dt_upd_at,N,298,Y,KEY_DATE_YYYYMMDDHHMM,Timestamp,HR_FO_DEPARTMENT,,,8,18,,,
dt_upd_at,N,298,Y,KEY_DATE_YYYYMMDDHHMM,Timestamp,HR_EMP_POSITION,,,14,18,,,
dt_upd_at,N,298,Y,KEY_DATE_YYYYMMDDHHMM,Timestamp,HR_FO_DIVISION,,,8,18,,,
dt_upd_at,N,298,Y,KEY_DATE_YYYYMMDDHHMM,Timestamp,HR_FO_COUNTRY,,,9,18,,,
dt_upd_at,N,298,Y,KEY_DATE_YYYYMMDDHHMM,Timestamp,HR_Holiday_Assignment,,,3,18,,,
dt_upd_at,N,298,Y,KEY_DATE_YYYYMMDDHHMM,Timestamp,HR_EMP_TYPE,,,5,18,,,
dt_upd_at,N,298,Y,KEY_DATE_YYYYMMDDHHMM,Timestamp,HR_EMP_Job_Code,,,14,18,,,
dt_upd_at,N,298,Y,KEY_DATE_YYYYMMDDHHMM,Timestamp,HR_EMP_EMPLOYMENT,,,17,18,,,
dt_upd_at,N,298,Y,KEY_DATE_YYYYMMDDHHMM,Timestamp,HR_EMP_ADDR_PERSONAL,,,5,18,,,
dt_upd_at,N,298,Y,KEY_DATE_YYYYMMDDHHMM,Timestamp,HR_EMP_PERSONAL_HISTORY,,,13,18,,,
dt_upd_by,N,326,Y,KEY_UPDATED_BY,VARCHAR,HR_EMP_EVENT,,,6,20,,,
dt_upd_by,N,326,Y,KEY_UPDATED_BY,VARCHAR,HR_EMP_JOB,,,22,20,,,
dt_upd_by,N,326,Y,KEY_UPDATED_BY,VARCHAR,HR_EMP_ADDR_WORK,,,6,20,,,
dt_upd_by,N,326,Y,KEY_UPDATED_BY,VARCHAR,HR_EMP_BANK_ACC_TRANSIT,,,5,20,,,
dt_upd_by,N,326,Y,KEY_UPDATED_BY,VARCHAR,HR_FO_COMPANY,,,8,20,,,
dt_upd_by,N,326,Y,KEY_UPDATED_BY,VARCHAR,HR_EMP,,,18,20,,,
dt_upd_by,N,326,Y,KEY_UPDATED_BY,VARCHAR,HR_EMP_BANK_INFO_HISTORY,,,5,20,,,
dt_upd_by,N,326,Y,KEY_UPDATED_BY,VARCHAR,HR_Holidays,,,4,20,,,
dt_upd_by,N,326,Y,KEY_UPDATED_BY,VARCHAR,HR_EMP_MGR,,,6,20,,,
dt_upd_by,N,326,Y,KEY_UPDATED_BY,VARCHAR,HR_EMP_EVENT_REASON,,,8,20,,,
dt_upd_by,N,326,Y,KEY_UPDATED_BY,VARCHAR,HR_EMP_ADDR_PERSONAL_HISTORY,,,6,20,,,
dt_upd_by,N,326,Y,KEY_UPDATED_BY,VARCHAR,HR_FO_BUSINESS_UNIT,,,8,20,,,
dt_upd_by,N,326,Y,KEY_UPDATED_BY,VARCHAR,HR_EMP_PERSONAL,,,15,20,,,
dt_upd_by,N,326,Y,KEY_UPDATED_BY,VARCHAR,HR_EMP_GENDER,,,6,20,,,
dt_upd_by,N,326,Y,KEY_UPDATED_BY,VARCHAR,HR_EMP_time,,,5,20,,,
dt_upd_by,N,326,Y,KEY_UPDATED_BY,VARCHAR,HR_EMP_CLASS,,,6,20,,,
dt_upd_by,N,326,Y,KEY_UPDATED_BY,VARCHAR,HR_Holiday_Calendar,,,4,20,,,
dt_upd_by,N,326,Y,KEY_UPDATED_BY,VARCHAR,HR_FO_COST_CENTER,,,6,20,,,
dt_upd_by,N,326,Y,KEY_UPDATED_BY,VARCHAR,HR_EMP_BANK_INFO,,,7,20,,,
dt_upd_by,N,326,Y,KEY_UPDATED_BY,VARCHAR,HR_EMP_STATUS,,,6,20,,,
dt_upd_by,N,326,Y,KEY_UPDATED_BY,VARCHAR,HR_FO_DEPARTMENT,,,9,20,,,
dt_upd_by,N,326,Y,KEY_UPDATED_BY,VARCHAR,HR_EMP_POSITION,,,15,20,,,
dt_upd_by,N,326,Y,KEY_UPDATED_BY,VARCHAR,HR_FO_DIVISION,,,9,20,,,
dt_upd_by,N,326,Y,KEY_UPDATED_BY,VARCHAR,HR_FO_COUNTRY,,,10,20,,,
dt_upd_by,N,326,Y,KEY_UPDATED_BY,VARCHAR,HR_Holiday_Assignment,,,4,20,,,
dt_upd_by,N,326,Y,KEY_UPDATED_BY,VARCHAR,HR_EMP_TYPE,,,6,20,,,
dt_upd_by,N,326,Y,KEY_UPDATED_BY,VARCHAR,HR_EMP_Job_Code,,,15,20,,,
dt_upd_by,N,326,Y,KEY_UPDATED_BY,VARCHAR,HR_EMP_EMPLOYMENT,,,18,20,,,
dt_upd_by,N,326,Y,KEY_UPDATED_BY,VARCHAR,HR_EMP_ADDR_PERSONAL,,,6,20,,,
dt_upd_by,N,326,Y,KEY_UPDATED_BY,VARCHAR,HR_EMP_PERSONAL_HISTORY,,,14,20,,,
dt_valid_from,N,297,Y,KEY_DATE_YYYYMMDD,Date,HR_EMP_EVENT,,,7,8,,,
dt_valid_from,N,297,Y,KEY_DATE_YYYYMMDD,Date,HR_EMP_JOB,,,23,8,,,
dt_valid_from,N,297,Y,KEY_DATE_YYYYMMDD,Date,HR_EMP_ADDR_WORK,,,7,8,,,
dt_valid_from,N,297,Y,KEY_DATE_YYYYMMDD,Date,HR_EMP_BANK_ACC_TRANSIT,,,6,8,,,
dt_valid_from,N,297,Y,KEY_DATE_YYYYMMDD,Date,HR_FO_COMPANY,,,9,8,,,
dt_valid_from,N,297,Y,KEY_DATE_YYYYMMDD,Date,HR_EMP,,,19,8,,,
dt_valid_from,Y,297,Y,KEY_DATE_YYYYMMDD,Date,HR_EMP_BANK_INFO_HISTORY,P,,6,8,,,
dt_valid_from,N,297,Y,KEY_DATE_YYYYMMDD,Date,HR_Holidays,,,5,8,,,
dt_valid_from,N,297,Y,KEY_DATE_YYYYMMDD,Date,HR_EMP_MGR,,,7,8,,,
dt_valid_from,N,297,Y,KEY_DATE_YYYYMMDD,Date,HR_EMP_EVENT_REASON,,,9,8,,,
dt_valid_from,Y,297,Y,KEY_DATE_YYYYMMDD,Date,HR_EMP_ADDR_PERSONAL_HISTORY,P,,7,8,,,
dt_valid_from,N,297,Y,KEY_DATE_YYYYMMDD,Date,HR_FO_BUSINESS_UNIT,,,9,8,,,
dt_valid_from,N,297,Y,KEY_DATE_YYYYMMDD,Date,HR_EMP_PERSONAL,,,16,8,,,
dt_valid_from,Y,297,Y,KEY_DATE_YYYYMMDD,Date,HR_EMP_GENDER,,,7,8,,,
dt_valid_from,N,297,Y,KEY_DATE_YYYYMMDD,Date,HR_EMP_time,,,6,8,,,
dt_valid_from,N,297,Y,KEY_DATE_YYYYMMDD,Date,HR_EMP_CLASS,,,7,8,,,
dt_valid_from,N,297,Y,KEY_DATE_YYYYMMDD,Date,HR_Holiday_Calendar,,,5,8,,,
dt_valid_from,N,297,Y,KEY_DATE_YYYYMMDD,Date,HR_FO_COST_CENTER,,,7,8,,,
dt_valid_from,N,297,Y,KEY_DATE_YYYYMMDD,Date,HR_EMP_BANK_INFO,,,8,8,,,
dt_valid_from,N,297,Y,KEY_DATE_YYYYMMDD,Date,HR_EMP_STATUS,,,7,8,,,
dt_valid_from,N,297,Y,KEY_DATE_YYYYMMDD,Date,HR_FO_DEPARTMENT,,,10,8,,,
dt_valid_from,N,297,Y,KEY_DATE_YYYYMMDD,Date,HR_EMP_POSITION,,,16,8,,,
dt_valid_from,N,297,Y,KEY_DATE_YYYYMMDD,Date,HR_FO_DIVISION,,,10,8,,,
dt_valid_from,N,297,Y,KEY_DATE_YYYYMMDD,Date,HR_FO_COUNTRY,,,11,8,,,
dt_valid_from,N,297,Y,KEY_DATE_YYYYMMDD,Date,HR_Holiday_Assignment,,,5,8,,,
dt_valid_from,N,297,Y,KEY_DATE_YYYYMMDD,Date,HR_EMP_TYPE,,,7,8,,,
dt_valid_from,N,297,Y,KEY_DATE_YYYYMMDD,Date,HR_EMP_Job_Code,,,16,8,,,
dt_valid_from,N,297,Y,KEY_DATE_YYYYMMDD,Date,HR_EMP_EMPLOYMENT,,,19,8,,,
dt_valid_from,N,297,Y,KEY_DATE_YYYYMMDD,Date,HR_EMP_ADDR_PERSONAL,,,7,8,,,
dt_valid_from,N,297,Y,KEY_DATE_YYYYMMDD,Date,HR_EMP_PERSONAL_HISTORY,,,15,8,,,
dt_valid_to,N,297,Y,KEY_DATE_YYYYMMDD,Date,HR_EMP_EVENT,,,8,8,,,
dt_valid_to,N,297,Y,KEY_DATE_YYYYMMDD,Date,HR_EMP_JOB,,,24,8,,,
dt_valid_to,N,297,Y,KEY_DATE_YYYYMMDD,Date,HR_EMP_ADDR_WORK,,,8,8,,,
dt_valid_to,N,297,Y,KEY_DATE_YYYYMMDD,Date,HR_EMP_BANK_ACC_TRANSIT,,,7,8,,,
dt_valid_to,N,297,Y,KEY_DATE_YYYYMMDD,Date,HR_FO_COMPANY,,,10,8,,,
dt_valid_to,N,297,Y,KEY_DATE_YYYYMMDD,Date,HR_EMP,,,20,8,,,
dt_valid_to,Y,297,Y,KEY_DATE_YYYYMMDD,Date,HR_EMP_BANK_INFO_HISTORY,P,,7,8,,,
dt_valid_to,N,297,Y,KEY_DATE_YYYYMMDD,Date,HR_Holidays,,,6,8,,,
dt_valid_to,N,297,Y,KEY_DATE_YYYYMMDD,Date,HR_EMP_MGR,,,8,8,,,
dt_valid_to,N,297,Y,KEY_DATE_YYYYMMDD,Date,HR_EMP_EVENT_REASON,,,10,8,,,
dt_valid_to,Y,297,Y,KEY_DATE_YYYYMMDD,Date,HR_EMP_ADDR_PERSONAL_HISTORY,P,,8,8,,,
dt_valid_to,N,297,Y,KEY_DATE_YYYYMMDD,Date,HR_FO_BUSINESS_UNIT,,,10,8,,,
dt_valid_to,N,297,Y,KEY_DATE_YYYYMMDD,Date,HR_EMP_PERSONAL,,,17,8,,,
dt_valid_to,Y,297,Y,KEY_DATE_YYYYMMDD,Date,HR_EMP_GENDER,,,8,8,,,
dt_valid_to,N,297,Y,KEY_DATE_YYYYMMDD,Date,HR_EMP_time,,,7,8,,,
dt_valid_to,N,297,Y,KEY_DATE_YYYYMMDD,Date,HR_EMP_CLASS,,,8,8,,,
dt_valid_to,N,297,Y,KEY_DATE_YYYYMMDD,Date,HR_Holiday_Calendar,,,6,8,,,
dt_valid_to,N,297,Y,KEY_DATE_YYYYMMDD,Date,HR_FO_COST_CENTER,,,8,8,,,
dt_valid_to,N,297,Y,KEY_DATE_YYYYMMDD,Date,HR_EMP_BANK_INFO,,,9,8,,,
dt_valid_to,N,297,Y,KEY_DATE_YYYYMMDD,Date,HR_EMP_STATUS,,,8,8,,,
dt_valid_to,N,297,Y,KEY_DATE_YYYYMMDD,Date,HR_FO_DEPARTMENT,,,11,8,,,
dt_valid_to,N,297,Y,KEY_DATE_YYYYMMDD,Date,HR_EMP_POSITION,,,17,8,,,
dt_valid_to,N,297,Y,KEY_DATE_YYYYMMDD,Date,HR_FO_DIVISION,,,11,8,,,
dt_valid_to,N,297,Y,KEY_DATE_YYYYMMDD,Date,HR_FO_COUNTRY,,,12,8,,,
dt_valid_to,N,297,Y,KEY_DATE_YYYYMMDD,Date,HR_Holiday_Assignment,,,6,8,,,
dt_valid_to,N,297,Y,KEY_DATE_YYYYMMDD,Date,HR_EMP_TYPE,,,8,8,,,
dt_valid_to,N,297,Y,KEY_DATE_YYYYMMDD,Date,HR_EMP_Job_Code,,,17,8,,,
dt_valid_to,N,297,Y,KEY_DATE_YYYYMMDD,Date,HR_EMP_EMPLOYMENT,,,20,8,,,
dt_valid_to,N,297,Y,KEY_DATE_YYYYMMDD,Date,HR_EMP_ADDR_PERSONAL,,,8,8,,,
dt_valid_to,N,297,Y,KEY_DATE_YYYYMMDD,Date,HR_EMP_PERSONAL_HISTORY,,,16,8,,,
DURATION_IN_MONTHS,Y,693,Y,VALUE_3,Integer,HR_FCT_HEADCOUNT,P,,19,3,,,
DURATION_IN_MONTHS,Y,693,Y,VALUE_3,Integer,HR_FCT_PROMO,P,,14,3,,,
DURATION_IN_MONTHS,Y,693,Y,VALUE_3,Integer,HR_FCT_IN_OUT,P,,9,3,,,
e_mail,N,33,Y,COMM_EMAIL,VARCHAR,HR_EMP,,,8,50,,,
EFFECTIVE_STATUS,N,282,Y,KEY_ACTIVE,VARCHAR,HR_EMP_POSITION,,,7,1,,,
EMP_CLASS_CD,N,26,Y,CLASS_EMPLOYEE,VARCHAR,HR_EMP_JOB,,F,8,20,,,
EMP_CLASS_CD,Y,26,Y,CLASS_EMPLOYEE,VARCHAR,HR_FCT_HEADCOUNT,P,F,11,20,,,
EMP_CLASS_CD,Y,26,Y,CLASS_EMPLOYEE,VARCHAR,HR_EMP_CLASS,P,,1,20,,,
EMP_CLASS_CD,Y,26,Y,CLASS_EMPLOYEE,VARCHAR,HR_FCT_IN_OUT,P,F,5,20,,,
EMP_CLASS_DESC,N,48,Y,DESC_120,VARCHAR,HR_EMP_CLASS,,,2,120,,,
EMP_STATUS,N,680,Y,STATUS_EMP,VARCHAR,HR_EMP_JOB,,F,9,20,,,
EMP_STATUS,Y,680,Y,STATUS_EMP,VARCHAR,HR_FCT_HEADCOUNT,P,F,8,20,,,
EMP_STATUS,Y,680,Y,STATUS_EMP,VARCHAR,HR_FCT_IN_OUT,P,F,2,20,,,
EMP_STATUS,Y,680,Y,STATUS_EMP,VARCHAR,HR_EMP_STATUS,P,,1,20,,,
EMP_TYPE_CD,Y,690,Y,TYPE_EMP,VARCHAR,HR_FCT_HEADCOUNT,P,F,10,20,,,
EMP_TYPE_CD,Y,690,Y,TYPE_EMP,VARCHAR,HR_FCT_IN_OUT,P,F,4,20,,,
EMP_TYPE_CD,Y,690,Y,TYPE_EMP,VARCHAR,HR_EMP_TYPE,P,,1,20,,,
EMP_TYPE_CD,N,690,Y,TYPE_EMP,VARCHAR,HR_EMP_EMPLOYMENT,,F,3,20,,,
EMP_TYPE_DESC,N,48,Y,DESC_120,VARCHAR,HR_EMP_TYPE,,,2,120,,,
employee_id,Y,341,Y,NO_EMPLOYEE,VARCHAR,HR_EMP_JOB,P,F,1,20,,,
employee_id,Y,341,Y,NO_EMPLOYEE,VARCHAR,HR_EMP_MGR_HISTORY,P,F,1,20,,,
employee_id,Y,341,Y,NO_EMPLOYEE,VARCHAR,HR_EMP_ADDR_WORK,P,F,1,20,,,
employee_id,Y,341,Y,NO_EMPLOYEE,VARCHAR,HR_EMP_BANK_ACC_TRANSIT,P,F,1,20,,,
employee_id,Y,341,Y,NO_EMPLOYEE,VARCHAR,HR_EMP_EMPLOYMENT_HISTORY,P,F,1,20,,,
employee_id,Y,341,Y,NO_EMPLOYEE,VARCHAR,HR_EMP,P,,1,20,,,
employee_id,Y,341,Y,NO_EMPLOYEE,VARCHAR,HR_FCT_HEADCOUNT,P,F,7,20,,,
employee_id,Y,341,Y,NO_EMPLOYEE,VARCHAR,HR_EMP_MGR,P,F,1,20,,,
employee_id,Y,341,Y,NO_EMPLOYEE,VARCHAR,HR_EMP_HISTORY,P,F,1,20,,,
employee_id,Y,341,Y,NO_EMPLOYEE,VARCHAR,HR_EMP_ADDR_PERSONAL_HISTORY,P,F,1,20,,,
employee_id,Y,341,Y,NO_EMPLOYEE,VARCHAR,HR_EMP_PERSONAL,P,F,1,20,,,
employee_id,Y,341,Y,NO_EMPLOYEE,VARCHAR,HR_FCT_PROMO,P,F,1,20,,,
employee_id,Y,341,Y,NO_EMPLOYEE,VARCHAR,HR_EMP_time,P,F,1,20,,,
employee_id,Y,341,Y,NO_EMPLOYEE,VARCHAR,HR_EMP_ADDR_WORK_HISTORY,P,F,1,20,,,
employee_id,Y,341,Y,NO_EMPLOYEE,VARCHAR,HR_EMP_JOB_HISTORY,P,F,1,20,,,
employee_id,Y,341,Y,NO_EMPLOYEE,VARCHAR,HR_FCT_IN_OUT,P,F,1,20,,,
employee_id,Y,341,Y,NO_EMPLOYEE,VARCHAR,HR_EMP_BANK_INFO,P,F,1,20,,,
employee_id,Y,341,Y,NO_EMPLOYEE,VARCHAR,HR_EMP_EMPLOYMENT,P,F,1,20,,,
employee_id,Y,341,Y,NO_EMPLOYEE,VARCHAR,HR_EMP_ADDR_PERSONAL,P,F,1,20,,,
employee_id2,Y,341,Y,NO_EMPLOYEE,VARCHAR,HR_EMP_BANK_INFO_HISTORY,P,F,1,20,,,
employee_id2,Y,341,Y,NO_EMPLOYEE,VARCHAR,HR_EMP_PERSONAL_HISTORY,P,F,1,20,,,
EVENT_CD,Y,243,N,EVENT_ID,VARCHAR,HR_EMP_EVENT,P,,1,20,,,
EVENT_CD,N,243,N,EVENT_ID,VARCHAR,HR_EMP_JOB,,F,10,20,,,
EVENT_CD,N,243,N,EVENT_ID,VARCHAR,HR_FCT_HEADCOUNT,,F,9,20,,,
EVENT_CD,Y,243,N,EVENT_ID,VARCHAR,HR_EMP_EVENT_REASON,P,F,1,20,,,
EVENT_CD,N,243,N,EVENT_ID,VARCHAR,HR_FCT_PROMO,,F,2,20,,,
EVENT_CD,N,243,N,EVENT_ID,VARCHAR,HR_FCT_IN_OUT,,F,3,20,,,
EVENT_DESC,N,48,Y,DESC_120,VARCHAR,HR_EMP_EVENT,,,2,120,,,
EVENT_REASON_CD,N,245,N,EVENT_REASON_ID,VARCHAR,HR_EMP_EVENT_REASON,,,2,20,,,
EVENT_REASON_DESC,N,244,Y,EVENT_REASON_DESC,VARCHAR,HR_EMP_EVENT_REASON,,,3,120,,,
FTE,N,684,Y,TAG_STATUS_01,VARCHAR,HR_EMP_JOB,,,14,3,,,
GENDER_CODE,N,364,Y,PERSON_GENDER,VARCHAR,HR_EMP,,F,10,10,,,
GENDER_CODE,N,364,Y,PERSON_GENDER,VARCHAR,HR_EMP_PERSONAL,,,9,10,,,
GENDER_CODE,Y,364,Y,PERSON_GENDER,VARCHAR,HR_EMP_GENDER,P,,1,10,,,
GENDER_CODE,N,338,Y,NO_CHAR10,VARCHAR,HR_EMP_PERSONAL_HISTORY,,,8,10,,,
GENDER_DESC,N,51,Y,DESC_80,VARCHAR,HR_EMP_GENDER,,,2,80,,,
HIRING NOT COMPLETED ,N,684,Y,TAG_STATUS_01,VARCHAR,HR_EMP_EMPLOYMENT,,,11,3,,,
Home,N,691,Y,Unknown,unknown,Personal_Data_Set,,,1,,,,
Honorification,N,365,Y,PERSON_HONORIFICATION,VARCHAR,HR_EMP,,,12,10,,,
Honorification,N,365,Y,PERSON_HONORIFICATION,VARCHAR,HR_EMP_PERSONAL,,,11,10,,,
Honorification,N,365,Y,PERSON_HONORIFICATION,VARCHAR,HR_EMP_PERSONAL_HISTORY,,,10,10,,,
HOST_MANAGER,N,341,Y,NO_EMPLOYEE,VARCHAR,HR_EMP_JOB,,,2,20,,,
IS CONTINGENT WORKER,N,684,Y,TAG_STATUS_01,VARCHAR,HR_EMP_EMPLOYMENT,,,12,3,,,
IS EC RECORD,N,684,Y,TAG_STATUS_01,VARCHAR,HR_EMP_EMPLOYMENT,,,13,3,,,
IS FULLTIME EMPLOYEE,N,684,Y,TAG_STATUS_01,VARCHAR,HR_EMP_JOB,,,13,3,,,
JOB_CODE,N,269,N,JOB_CODE,VARCHAR,HR_EMP_JOB,,F,15,20,,,
JOB_CODE,Y,269,N,JOB_CODE,VARCHAR,HR_FCT_HEADCOUNT,P,F,12,20,,,
JOB_CODE,N,269,N,JOB_CODE,VARCHAR,HR_EMP_POSITION,,F,8,20,,,
JOB_CODE,Y,269,N,JOB_CODE,VARCHAR,HR_EMP_Job_Code,P,,1,20,,,
JOB_CODE_NEW,Y,269,N,JOB_CODE,VARCHAR,HR_FCT_PROMO,P,F,5,20,,,
JOB_CODE_OLD,Y,269,N,JOB_CODE,VARCHAR,HR_FCT_PROMO,P,F,3,20,,,
JOB_CODE_TITLE,N,270,Y,JOB_CODE_TITLE,VARCHAR,HR_EMP_JOB,,F,17,120,,,
JOB_CODE_TITLE,N,270,Y,JOB_CODE_TITLE,VARCHAR,HR_FCT_HEADCOUNT,,F,13,120,,,
JOB_CODE_TITLE,N,270,Y,JOB_CODE_TITLE,VARCHAR,HR_EMP_POSITION,,F,10,120,,,
JOB_CODE_TITLE,Y,270,Y,JOB_CODE_TITLE,VARCHAR,HR_EMP_Job_Code,P,,2,120,,,
JOB_CODE_TITLE_NEW,N,270,Y,JOB_CODE_TITLE,VARCHAR,HR_FCT_PROMO,,F,8,120,,,
JOB_CODE_TITLE_OLD,N,270,Y,JOB_CODE_TITLE,VARCHAR,HR_FCT_PROMO,,F,7,120,,,
JOB_FUNCTION,N,272,Y,JOB_FUNCTION,VARCHAR,HR_EMP_Job_Code,,,4,20,,,
JOB_GRADE,N,273,N,JOB_GRADE,VARCHAR,HR_EMP_JOB,,F,16,20,,,
JOB_GRADE,Y,273,N,JOB_GRADE,VARCHAR,HR_FCT_HEADCOUNT,P,F,14,20,,,
JOB_GRADE,N,273,N,JOB_GRADE,VARCHAR,HR_EMP_POSITION,,F,9,20,,,
JOB_GRADE,Y,273,N,JOB_GRADE,VARCHAR,HR_EMP_Job_Code,P,,3,20,,,
JOB_GRADE_NEW,Y,273,N,JOB_GRADE,VARCHAR,HR_FCT_PROMO,P,F,6,20,,,
JOB_GRADE_OLD,Y,273,N,JOB_GRADE,VARCHAR,HR_FCT_PROMO,P,F,4,20,,,
JOB_LEVEL,N,274,N,JOB_LEVEL,VARCHAR,HR_EMP_JOB,,F,18,20,,,
JOB_LEVEL,N,274,N,JOB_LEVEL,VARCHAR,HR_FCT_HEADCOUNT,,F,15,20,,,
JOB_LEVEL,N,274,N,JOB_LEVEL,VARCHAR,HR_EMP_POSITION,,F,11,20,,,
JOB_LEVEL,Y,274,N,JOB_LEVEL,VARCHAR,HR_EMP_Job_Code,P,,5,20,,,
JOB_LEVEL_DESCRIPTION,N,276,N,JOB_LEVEL_DESC,VARCHAR,HR_EMP_Job_Code,,,6,120,,,
JOB_LEVEL_NEW,N,274,N,JOB_LEVEL,VARCHAR,HR_FCT_PROMO,,F,10,20,,,
JOB_LEVEL_OLD,N,274,N,JOB_LEVEL,VARCHAR,HR_FCT_PROMO,,F,9,20,,,
JOB_NAME,N,277,Y,JOB_NAME,VARCHAR,HR_EMP_Job_Code,,,8,120,,,
JOB_NAME_DEFAULT,N,277,Y,JOB_NAME,VARCHAR,HR_EMP_Job_Code,,,9,120,,,
JOB_NAME_US,N,277,Y,JOB_NAME,VARCHAR,HR_EMP_Job_Code,,,10,120,,,
LANGUAGE,N,315,Y,KEY_LANGUAGE_ ISO639_1,VARCHAR,HR_EMP_PERSONAL,,,3,2,,,
LANGUAGE,N,315,Y,KEY_LANGUAGE_ ISO639_1,VARCHAR,HR_EMP_PERSONAL_HISTORY,,,2,2,,,
LAST DATE WORKED ,N,297,Y,KEY_DATE_YYYYMMDD,Date,HR_EMP_EMPLOYMENT,,,4,8,,,
leased_owned,N,691,Y,Unknown,unknown,instrument,,,3,,,,
LEGACY_POSITION_ID,N,367,Y,POSITION_CODE,VARCHAR,HR_EMP_POSITION,,,2,20,,,
Location,N,691,Y,Unknown,unknown,Work_Location,,,1,,,,
MANAGER_ID,Y,341,Y,NO_EMPLOYEE,VARCHAR,HR_EMP_MGR_HISTORY,P,F,2,20,,,
MANAGER_ID,Y,341,Y,NO_EMPLOYEE,VARCHAR,HR_EMP_MGR,P,,2,20,,,
Name,N,691,Y,Unknown,unknown,Employee,,,1,,,,
name_account,N,331,Y,NAME_80,VARCHAR,HR_EMP,,,9,80,,,
NAME_BU,N,345,N,ORG_BU_NAME,VARCHAR,HR_FO_BUSINESS_UNIT,,,4,40,,,
NAME_COMPANY,Y,348,N,ORG_CMPY_NAME,VARCHAR,HR_FO_COMPANY,,,3,40,,,
NAME_DEPT,N,355,N,ORG_DPT_NAME,VARCHAR,HR_FO_DEPARTMENT,,,5,40,,,
NAME_DIV,N,351,Y,ORG_DIV_NAME,VARCHAR,HR_FO_DIVISION,,,5,40,,,
name_family,N,334,N,NAME_LAST,VARCHAR,HR_EMP,,,4,80,,,
name_family,N,334,N,NAME_LAST,VARCHAR,HR_EMP_PERSONAL,,,5,80,,,
name_family,N,334,N,NAME_LAST,VARCHAR,HR_EMP_PERSONAL_HISTORY,,,4,80,,,
name_family_preferred,N,334,N,NAME_LAST,VARCHAR,HR_EMP,,,7,80,,,
name_family_preferred,N,334,N,NAME_LAST,VARCHAR,HR_EMP_PERSONAL,,,8,80,,,
name_family_preferred,N,334,N,NAME_LAST,VARCHAR,HR_EMP_PERSONAL_HISTORY,,,7,80,,,
name_first,N,331,Y,NAME_80,VARCHAR,Pupil,,,1,80,,,
name_first,N,333,N,NAME_FIRST,VARCHAR,HR_EMP,,,3,40,,,
name_first,N,333,N,NAME_FIRST,VARCHAR,HR_EMP_PERSONAL,,,4,40,,,
name_first,N,691,N,,VARCHAR,HR_EMP_PERSONAL_HISTORY,,,3,,,,
name_first_preferred,N,333,N,NAME_FIRST,VARCHAR,HR_EMP,,,6,40,,,
name_first_preferred,N,333,N,NAME_FIRST,VARCHAR,HR_EMP_PERSONAL,,,7,40,,,
name_first_preferred,N,691,N,,VARCHAR,HR_EMP_PERSONAL_HISTORY,,,6,,,,
name_mi,N,335,N,NAME_MI,VARCHAR,HR_EMP,,,5,1,,,
name_mi,N,335,N,NAME_MI,VARCHAR,HR_EMP_PERSONAL,,,6,1,,,
name_mi,N,691,N,,VARCHAR,HR_EMP_PERSONAL_HISTORY,,,5,,,,
OFFICE_DESCRIPTION,N,48,Y,DESC_120,VARCHAR,HR_OFFICE_LOCATION,,,3,120,,,
OFFICE_NAME,N,363,Y,ORG_OFFICE_NAME,VARCHAR,HR_OFFICE_LOCATION,,,2,40,,,
OFFICE CODE,Y,362,Y,ORG_OFFICE_CODE,VARCHAR,HR_OFFICE_LOCATION,P,,1,40,,,
OFFICE CODE,N,362,Y,ORG_OFFICE_CODE,VARCHAR,HR_EMP_JOB,,F,7,40,,,
ORIGINAL START DATE,N,297,Y,KEY_DATE_YYYYMMDD,Date,HR_EMP_EMPLOYMENT,,,5,8,,,
PAYROLL END DATE,N,297,Y,KEY_DATE_YYYYMMDD,Date,HR_EMP_EMPLOYMENT,,,7,8,,,
Position,N,691,Y,Unknown,unknown,Job,,,1,,,,
POSITION_CODE,N,367,Y,POSITION_CODE,VARCHAR,HR_EMP_JOB,,F,11,20,,,
POSITION_CODE,Y,367,Y,POSITION_CODE,VARCHAR,HR_EMP_POSITION,P,,1,20,,,
REASON_STATUS,N,683,N,TAG_ACTIVE_YN,VARCHAR,HR_EMP_EVENT_REASON,,,4,1,,,
REGRET TERMINATION,N,684,Y,TAG_STATUS_01,VARCHAR,HR_EMP_EMPLOYMENT,,,14,3,,,
REGULAR_TEMPORARY,N,278,N,JOB_REG_TEMP,VARCHAR,HR_EMP_POSITION,,,3,1,,,
REGULAR TEMP,N,684,N,TAG_STATUS_01,VARCHAR,HR_EMP_JOB,,,12,3,,,
SALARY END DATE,N,297,Y,KEY_DATE_YYYYMMDD,Date,HR_EMP_EMPLOYMENT,,,6,8,,,
salutation,N,366,Y,PERSON_SALUTATION,VARCHAR,HR_EMP,,,11,5,,,
salutation,N,366,Y,PERSON_SALUTATION,VARCHAR,HR_EMP_PERSONAL,,,10,5,,,
salutation,N,366,Y,PERSON_SALUTATION,VARCHAR,HR_EMP_PERSONAL_HISTORY,,,9,5,,,
SERVICE DATE,N,297,Y,KEY_DATE_YYYYMMDD,Date,HR_EMP_EMPLOYMENT,,,8,8,,,
STANDARD_HOURS,N,279,N,JOB_STARNDARD_HOURS,VARCHAR,HR_EMP_Job_Code,,,11,2,,,
STANDARD_HRS,N,279,N,JOB_STARNDARD_HOURS,VARCHAR,HR_EMP_POSITION,,,5,2,,,
START DATE,N,297,Y,KEY_DATE_YYYYMMDD,Date,HR_EMP_EMPLOYMENT,,,9,8,,,
State,N,691,Y,Unknown,unknown,Geo_Reference_Data,,,2,,,,
STATUS_DESCRIPTION,N,48,Y,DESC_120,VARCHAR,HR_EMP_STATUS,,,2,120,,,
STOCK END DATE,N,297,Y,KEY_DATE_YYYYMMDD,Date,HR_EMP_EMPLOYMENT,,,10,8,,,
street ,N,691,Y,Unknown,unknown,rehearsal_location,,,2,,,,
talend scale,N,691,Y,Unknown,unknown,Pupil,,,2,,,,
TARGET_FTE,N,271,N,JOB_FTE,VARCHAR,HR_EMP_POSITION,,,4,1,,,
TERRITORY_ID,N,339,Y,NO_CHAR20,VARCHAR,HR_FO_COUNTRY,,,6,20,,,
TIME_TO_BE_PROMOTED,Y,693,Y,VALUE_3,Integer,HR_FCT_PROMO,P,,15,3,,,
type,N,691,Y,Unknown,unknown,instrument,,,1,,,,
user_id,N,342,Y,NO_USER,VARCHAR,HR_EMP,,,2,40,,,
USER ID,N,342,Y,NO_USER,VARCHAR,HR_EMP_EMPLOYMENT,,,2,40,,,
VACANT_IND,N,692,N,VACANT_IND,VARCHAR,HR_EMP_POSITION,,,6,5,,,
valid_from,Y,297,N,KEY_DATE_YYYYMMDD,Date,CITD_DATE,,,21,8,,,
valid_to,N,297,N,KEY_DATE_YYYYMMDD,Date,CITD_DATE,,,22,8,,,
VOLUME_HC,Y,694,Y,VALUE_9,Integer,HR_FCT_HEADCOUNT,,,20,9,,,
VOLUME_IN,Y,694,Y,VALUE_9,Integer,HR_FCT_IN_OUT,,,10,9,,,
VOLUME_OUT,Y,694,Y,VALUE_9,Integer,HR_FCT_IN_OUT,,,11,9,,,
VOLUME_PROMO,Y,694,Y,VALUE_9,Integer,HR_FCT_PROMO,,,16,9,,,
HOST_MANAGER,N,341,Y,NO_EMPLOYEE,VARCHAR,HR_EMP_JOB_HISTORY,,,2,20,,,
CMPY_CD,N,347,Y,ORG_CMPY_ID,VARCHAR,HR_EMP_JOB_HISTORY,,,3,10,,,
BU_CD,N,344,Y,ORG_BU_ID,VARCHAR,HR_EMP_JOB_HISTORY,,,4,10,,,
BU_CD1,N,344,Y,ORG_BU_ID,VARCHAR,HR_EMP_JOB_HISTORY,,,5,10,,,
DEPT_CD,N,354,Y,ORG_DPT_ID,VARCHAR,HR_EMP_JOB_HISTORY,,,6,10,,,
OFFICE CODE,N,362,Y,ORG_OFFICE_CODE,VARCHAR,HR_EMP_JOB_HISTORY,,,7,40,,,
EMP_CLASS_CD,N,339,Y,NO_CHAR20,VARCHAR,HR_EMP_JOB_HISTORY,,,8,20,,,
EMP_STATUS,N,680,Y,STATUS_EMP,VARCHAR,HR_EMP_JOB_HISTORY,,,9,20,,,
EVENT_CD,N,243,N,EVENT_ID,VARCHAR,HR_EMP_JOB_HISTORY,,,10,20,,,
POSITION_CODE,N,339,Y,NO_CHAR20,VARCHAR,HR_EMP_JOB_HISTORY,,,11,20,,,
REGULAR TEMP,N,684,N,TAG_STATUS_01,VARCHAR,HR_EMP_JOB_HISTORY,,,12,3,,,
IS FULLTIME EMPLOYEE,N,684,Y,TAG_STATUS_01,VARCHAR,HR_EMP_JOB_HISTORY,,,13,3,,,
FTE,N,684,Y,TAG_STATUS_01,VARCHAR,HR_EMP_JOB_HISTORY,,,14,3,,,
JOB_CODE,N,275,N,JOB_LEVEL_CODE,VARCHAR,HR_EMP_JOB_HISTORY,,,15,20,,,
JOB_GRADE,N,273,N,JOB_GRADE,VARCHAR,HR_EMP_JOB_HISTORY,,,16,20,,,
JOB_CODE_TITLE,N,270,Y,JOB_CODE_TITLE,VARCHAR,HR_EMP_JOB_HISTORY,,,17,120,,,
JOB_LEVEL,N,274,N,JOB_LEVEL,VARCHAR,HR_EMP_JOB_HISTORY,,,18,20,,,
dt_cre_at,N,298,Y,KEY_DATE_YYYYMMDDHHMM,Timestamp,HR_EMP_JOB_HISTORY,,,19,18,,,
dt_cre_by,N,284,Y,KEY_CREATED_BY,VARCHAR,HR_EMP_JOB_HISTORY,,,20,20,,,
dt_upd_at,N,298,Y,KEY_DATE_YYYYMMDDHHMM,Timestamp,HR_EMP_JOB_HISTORY,,,21,18,,,
dt_upd_by,N,326,Y,KEY_UPDATED_BY,VARCHAR,HR_EMP_JOB_HISTORY,,,22,20,,,
dt_valid_from,N,297,Y,KEY_DATE_YYYYMMDD,Date,HR_EMP_JOB_HISTORY,,,23,8,,,
dt_valid_to,N,297,Y,KEY_DATE_YYYYMMDD,Date,HR_EMP_JOB_HISTORY,,,24,8,,,
active,N,282,Y,KEY_ACTIVE,VARCHAR,HR_EMP_JOB_HISTORY,,,25,1,,,
dt_cre_at,N,298,Y,KEY_DATE_YYYYMMDDHHMM,Timestamp,HR_EMP_MGR_HISTORY,,,3,18,,,
dt_cre_by,N,284,Y,KEY_CREATED_BY,VARCHAR,HR_EMP_MGR_HISTORY,,,4,20,,,
dt_upd_at,N,298,Y,KEY_DATE_YYYYMMDDHHMM,Timestamp,HR_EMP_MGR_HISTORY,,,5,18,,,
dt_upd_by,N,326,Y,KEY_UPDATED_BY,VARCHAR,HR_EMP_MGR_HISTORY,,,6,20,,,
dt_valid_from,N,297,Y,KEY_DATE_YYYYMMDD,Date,HR_EMP_MGR_HISTORY,,,7,8,,,
dt_valid_to,N,297,Y,KEY_DATE_YYYYMMDD,Date,HR_EMP_MGR_HISTORY,,,8,8,,,
active,N,282,Y,KEY_ACTIVE,VARCHAR,HR_EMP_MGR_HISTORY,,,9,1,,,
USER ID,N,342,Y,NO_USER,VARCHAR,HR_EMP_EMPLOYMENT_HISTORY,,,2,40,,,
EMP_TYPE_CD,N,690,Y,TYPE_EMP,VARCHAR,HR_EMP_EMPLOYMENT_HISTORY,,,3,20,,,
LAST DATE WORKED ,N,297,Y,KEY_DATE_YYYYMMDD,Date,HR_EMP_EMPLOYMENT_HISTORY,,,4,8,,,
ORIGINAL START DATE,N,297,Y,KEY_DATE_YYYYMMDD,Date,HR_EMP_EMPLOYMENT_HISTORY,,,5,8,,,
SALARY END DATE,N,297,Y,KEY_DATE_YYYYMMDD,Date,HR_EMP_EMPLOYMENT_HISTORY,,,6,8,,,
PAYROLL END DATE,N,297,Y,KEY_DATE_YYYYMMDD,Date,HR_EMP_EMPLOYMENT_HISTORY,,,7,8,,,
SERVICE DATE,N,297,Y,KEY_DATE_YYYYMMDD,Date,HR_EMP_EMPLOYMENT_HISTORY,,,8,8,,,
START DATE,N,297,Y,KEY_DATE_YYYYMMDD,Date,HR_EMP_EMPLOYMENT_HISTORY,,,9,8,,,
STOCK END DATE,N,297,Y,KEY_DATE_YYYYMMDD,Date,HR_EMP_EMPLOYMENT_HISTORY,,,10,8,,,
HIRING NOT COMPLETED ,N,684,Y,TAG_STATUS_01,VARCHAR,HR_EMP_EMPLOYMENT_HISTORY,,,11,3,,,
IS CONTINGENT WORKER,N,684,Y,TAG_STATUS_01,VARCHAR,HR_EMP_EMPLOYMENT_HISTORY,,,12,3,,,
IS EC RECORD,N,684,Y,TAG_STATUS_01,VARCHAR,HR_EMP_EMPLOYMENT_HISTORY,,,13,3,,,
REGRET TERMINATION,N,684,Y,TAG_STATUS_01,VARCHAR,HR_EMP_EMPLOYMENT_HISTORY,,,14,3,,,
dt_cre_at,N,298,Y,KEY_DATE_YYYYMMDDHHMM,Timestamp,HR_EMP_EMPLOYMENT_HISTORY,,,15,18,,,
dt_cre_by,N,284,Y,KEY_CREATED_BY,VARCHAR,HR_EMP_EMPLOYMENT_HISTORY,,,16,20,,,
dt_upd_at,N,298,Y,KEY_DATE_YYYYMMDDHHMM,Timestamp,HR_EMP_EMPLOYMENT_HISTORY,,,17,18,,,
dt_upd_by,N,326,Y,KEY_UPDATED_BY,VARCHAR,HR_EMP_EMPLOYMENT_HISTORY,,,18,20,,,
dt_valid_from,N,297,Y,KEY_DATE_YYYYMMDD,Date,HR_EMP_EMPLOYMENT_HISTORY,,,19,8,,,
dt_valid_to,N,297,Y,KEY_DATE_YYYYMMDD,Date,HR_EMP_EMPLOYMENT_HISTORY,,,20,8,,,
active,N,282,Y,KEY_ACTIVE,VARCHAR,HR_EMP_EMPLOYMENT_HISTORY,,,21,1,,,
dt_cre_at,N,298,Y,KEY_DATE_YYYYMMDDHHMM,Timestamp,HR_EMP_ADDR_WORK_HISTORY,,,3,18,,,
dt_cre_by,N,284,Y,KEY_CREATED_BY,VARCHAR,HR_EMP_ADDR_WORK_HISTORY,,,4,20,,,
dt_upd_at,N,298,Y,KEY_DATE_YYYYMMDDHHMM,Timestamp,HR_EMP_ADDR_WORK_HISTORY,,,5,18,,,
dt_upd_by,N,326,Y,KEY_UPDATED_BY,VARCHAR,HR_EMP_ADDR_WORK_HISTORY,,,6,20,,,
dt_valid_from,N,297,Y,KEY_DATE_YYYYMMDD,Date,HR_EMP_ADDR_WORK_HISTORY,,,7,8,,,
dt_valid_to,N,297,Y,KEY_DATE_YYYYMMDD,Date,HR_EMP_ADDR_WORK_HISTORY,,,8,8,,,
active,N,282,Y,KEY_ACTIVE,VARCHAR,HR_EMP_ADDR_WORK_HISTORY,,,9,1,,,
user_id,N,342,Y,NO_USER,VARCHAR,HR_EMP_HISTORY,,,2,40,,,
name_first,N,333,N,NAME_FIRST,VARCHAR,HR_EMP_HISTORY,,,3,40,,,
name_family,N,334,N,NAME_LAST,VARCHAR,HR_EMP_HISTORY,,,4,80,,,
name_mi,N,335,N,NAME_MI,VARCHAR,HR_EMP_HISTORY,,,5,1,,,
name_first_preferred,N,333,N,NAME_FIRST,VARCHAR,HR_EMP_HISTORY,,,6,40,,,
name_family_preferred,N,334,N,NAME_LAST,VARCHAR,HR_EMP_HISTORY,,,7,80,,,
e_mail,N,33,Y,COMM_EMAIL,VARCHAR,HR_EMP_HISTORY,,,8,50,,,
name_account,N,331,Y,NAME_80,VARCHAR,HR_EMP_HISTORY,,,9,80,,,
GENDER_CODE,N,364,Y,PERSON_GENDER,VARCHAR,HR_EMP_HISTORY,,,10,10,,,
salutation,N,366,Y,PERSON_SALUTATION,VARCHAR,HR_EMP_HISTORY,,,11,5,,,
Honorification,N,365,Y,PERSON_HONORIFICATION,VARCHAR,HR_EMP_HISTORY,,,12,10,,,
dt_hired,N,297,Y,KEY_DATE_YYYYMMDD,Date,HR_EMP_HISTORY,,,13,8,,,
dt_started,N,297,Y,KEY_DATE_YYYYMMDD,Date,HR_EMP_HISTORY,,,14,8,,,
dt_cre_at,N,298,Y,KEY_DATE_YYYYMMDDHHMM,Timestamp,HR_EMP_HISTORY,,,15,18,,,
dt_cre_by,N,284,Y,KEY_CREATED_BY,VARCHAR,HR_EMP_HISTORY,,,16,20,,,
dt_upd_at,N,298,Y,KEY_DATE_YYYYMMDDHHMM,Timestamp,HR_EMP_HISTORY,,,17,18,,,
dt_upd_by,N,326,Y,KEY_UPDATED_BY,VARCHAR,HR_EMP_HISTORY,,,18,20,,,
dt_valid_from,N,297,Y,KEY_DATE_YYYYMMDD,Date,HR_EMP_HISTORY,,,19,8,,,
dt_valid_to,N,297,Y,KEY_DATE_YYYYMMDD,Date,HR_EMP_HISTORY,,,20,8,,,
active,N,282,Y,KEY_ACTIVE,VARCHAR,HR_EMP_HISTORY,,,21,1,,,
